<launch>

  <!-- required arguments provided by upper-level launch script -->
  <arg name="node_name" />
  <arg name="manager" />
  <arg name="start_manager" />
  <arg name="num_worker_threads" />
  <arg name="rosparam_file" />
  <arg name="debug" />
  <arg name="output" />
  <arg name="set_logger_level_debug" />
  <arg name="port" />

  <!-- set launch_prefix if debug requsted -->
  <arg if="$(arg debug)" name="launch_prefix" value="xterm -e gdb --args" />
  <arg unless="$(arg debug)" name="launch_prefix" value="" />

  <!-- Also globally disable bond heartbeat timeout in debug mode, so everything
       doesn't die when you hit a break point -->
  <param if="$(arg debug)" name="/bond_disable_heartbeat_timeout" value="true" />

  <!-- nodelet manager -->
  <node if="$(arg start_manager)" pkg="nodelet" type="nodelet" name="$(arg manager)"
        args="manager" output="$(arg output)" launch-prefix="$(arg launch_prefix)">
     <param name="num_worker_threads" value="$(arg num_worker_threads)" />
  </node>

  <!-- driver nodelet -->
  <node pkg="nodelet" type="nodelet" name="$(arg node_name)"
        args="load imu_driver::FactoryFirmwareDriverNodelet $(arg manager)" >
    <param name="set_logger_level_debug" value="$(arg set_logger_level_debug)" />
    <param name="port" value="$(arg port)" />
    <rosparam command="load" file="$(arg rosparam_file)" />
  </node>    

</launch>
